id,participantID,participantIDLastChangedAt,treatment,treatmentLastChangedAt,introDone,introDoneLastChangedAt,role,roleLastChangedAt,intro,introLastChangedAt,ended,endedLastChangedAt,exitSurvey,exitSurveyLastChangedAt,participantIdentifier,participantIdentifierLastChangedAt,exitStepDone,exitStepDoneLastChangedAt,gameID,gameIDLastChangedAt,roomCode,roomCodeLastChangedAt,urlParams,urlParamsLastChangedAt
01HN6DJBKAA6M1H62AF81BYGZ1,01HN6DJB68JPSC4G7BR5KNSQMG,2024-01-27T21:35:18.122792978Z,"{""managementToken"":""eyJ0eXAiOiJKV1QiLCJhbGciOiJIUzI1NiJ9.eyJpYXQiOjE3MDYzMzE4NDgsImV4cCI6MTcwNjQxODI0OCwianRpIjoiand0X25vbmNlIiwidHlwZSI6Im1hbmFnZW1lbnQiLCJ2ZXJzaW9uIjoyLCJuYmYiOjE3MDYzMzE4NDgsImFjY2Vzc19rZXkiOiI2NGMxYWJhYTkxYzAyM2I0ZTJkNzZlODQifQ.Woks_IUkqw99cNzsmD0eZ6dHkZoNt0yytqJTWYqr_tE"",""playerCount"":2,""templateId"":""659dec5a25eb923ccf71537f""}",2024-01-27T21:35:18.132582732Z,true,2024-01-27T21:38:01.205890299Z,guesser,2024-01-27T21:38:01.745416295Z,2,2024-01-27T21:37:18.112160013Z,game ended,2024-01-27T21:46:09.926344709Z,"{""age"":""20"",""gender"":""Male"",""nativeLanguage"":""English"",""strength"":""It was fun my partner was fairly smart."",""fair"":""Yes the pay was fair in my opinion"",""feedback"":""Thank you for allowing me to take this survey I encountered no issues."",""taskCorrectly"":""Yes"",""enjoyment"":""yesEnjoy""}",2024-01-27T21:47:16.089768486Z,611622ddd8be1ac51298cb89,2024-01-27T21:35:18.122792978Z,,,,,,,,
01HN6DM2QFV4W4XX6PP7SQQ7VB,,,"{""managementToken"":""eyJ0eXAiOiJKV1QiLCJhbGciOiJIUzI1NiJ9.eyJpYXQiOjE3MDYzMzE4NDgsImV4cCI6MTcwNjQxODI0OCwianRpIjoiand0X25vbmNlIiwidHlwZSI6Im1hbmFnZW1lbnQiLCJ2ZXJzaW9uIjoyLCJuYmYiOjE3MDYzMzE4NDgsImFjY2Vzc19rZXkiOiI2NGMxYWJhYTkxYzAyM2I0ZTJkNzZlODQifQ.Woks_IUkqw99cNzsmD0eZ6dHkZoNt0yytqJTWYqr_tE"",""playerCount"":2,""templateId"":""659dec5a25eb923ccf71537f""}",2024-01-27T21:36:14.581609469Z,true,2024-01-27T21:37:03.392018726Z,,,2,2024-01-27T21:36:42.470019419Z,,,"{""age"":""52"",""gender"":""female"",""nativeLanguage"":""English"",""strength"":""Yes"",""fair"":""Yes"",""feedback"":""It was interesting."",""taskCorrectly"":""Yes"",""enjoyment"":""BetterEnjoy""}",2024-01-27T21:46:48.15826833Z,644eef3e0a26e06facf8ee84,2024-01-27T21:36:14.575709786Z,true,2024-01-27T21:46:48.1620032Z,01HN6C87KF59S14B1W3XFECQKP,2024-01-27T21:36:14.581609469Z,ufv-wxpn-fgs,2024-01-27T21:38:01.745416295Z,,
01HN6DQRX91EGHRVTYMMDE2VWF,01HN6DQRPSSZBQX9V44KQEGJ5F,2024-01-27T21:38:15.593432216Z,"{""managementToken"":""eyJ0eXAiOiJKV1QiLCJhbGciOiJIUzI1NiJ9.eyJpYXQiOjE3MDYzMzE4NDgsImV4cCI6MTcwNjQxODI0OCwianRpIjoiand0X25vbmNlIiwidHlwZSI6Im1hbmFnZW1lbnQiLCJ2ZXJzaW9uIjoyLCJuYmYiOjE3MDYzMzE4NDgsImFjY2Vzc19rZXkiOiI2NGMxYWJhYTkxYzAyM2I0ZTJkNzZlODQifQ.Woks_IUkqw99cNzsmD0eZ6dHkZoNt0yytqJTWYqr_tE"",""playerCount"":2,""templateId"":""659dec5a25eb923ccf71537f""}",2024-01-27T21:38:15.606724759Z,,,guesser,2024-01-27T21:39:33.272877776Z,2,2024-01-27T21:38:38.648147034Z,,,"{""age"":""41"",""gender"":""Male"",""nativeLanguage"":""English"",""strength"":""Yes"",""fair"":""Yes"",""feedback"":""None, was fun. "",""taskCorrectly"":""Yes"",""enjoyment"":""yesEnjoy""}",2024-01-27T21:51:52.104182289Z,6580d346a0f8984f8d5b8ee4,2024-01-27T21:38:15.593432216Z,,,,,dip-hjcd-zwj,2024-01-27T21:39:33.272877776Z,,
01HN6DQS9FCYA8P478TRG73AWD,01HN6DQRVBMH5FJ51PQ8YMBYN1,2024-01-27T21:38:15.983113719Z,,,true,2024-01-27T21:39:33.219528736Z,director,2024-01-27T21:39:33.272877776Z,,,game ended,2024-01-27T21:51:21.150642367Z,"{""age"":""48"",""gender"":""Male"",""nativeLanguage"":""English"",""strength"":""Yes"",""fair"":""Yes"",""feedback"":""No comments or concerns."",""taskCorrectly"":""Yes"",""enjoyment"":""yesEnjoy""}",2024-01-27T21:51:51.391900161Z,,,true,2024-01-27T21:51:51.384912023Z,01HN6C88Q370AA57RYFG23GYJZ,2024-01-27T21:38:15.989850411Z,dip-hjcd-zwj,2024-01-27T21:39:33.272877776Z,,
01HN6DRND87TKT2QXHY74MXB7R,01HN6DRN844ZQ1WK2KHY2K7R9J,2024-01-27T21:38:44.776049947Z,"{""managementToken"":""eyJ0eXAiOiJKV1QiLCJhbGciOiJIUzI1NiJ9.eyJpYXQiOjE3MDYzMzE4NDgsImV4cCI6MTcwNjQxODI0OCwianRpIjoiand0X25vbmNlIiwidHlwZSI6Im1hbmFnZW1lbnQiLCJ2ZXJzaW9uIjoyLCJuYmYiOjE3MDYzMzE4NDgsImFjY2Vzc19rZXkiOiI2NGMxYWJhYTkxYzAyM2I0ZTJkNzZlODQifQ.Woks_IUkqw99cNzsmD0eZ6dHkZoNt0yytqJTWYqr_tE"",""playerCount"":2,""templateId"":""659dec5a25eb923ccf71537f""}",2024-01-27T21:39:33.232014526Z,true,2024-01-27T21:39:43.270347621Z,director,2024-01-27T21:40:59.689517864Z,2,2024-01-27T21:39:22.083250264Z,,,,,61002c021b78913c84e9e269,2024-01-27T21:38:44.776049947Z,,,01HN6C89MN0NVFRDJW6GH3Q5NF,2024-01-27T21:39:33.232014526Z,oxs-crnr-wae,2024-01-27T21:40:59.689517864Z,{},2024-01-27T21:38:44.830710582Z
01HN6DSJF58HYCGK1PCGA8ZMAR,01HN6DSJ23XH4QHJHZ3XNA6569,2024-01-27T21:39:14.533225352Z,"{""managementToken"":""eyJ0eXAiOiJKV1QiLCJhbGciOiJIUzI1NiJ9.eyJpYXQiOjE3MDYzMzE4NDgsImV4cCI6MTcwNjQxODI0OCwianRpIjoiand0X25vbmNlIiwidHlwZSI6Im1hbmFnZW1lbnQiLCJ2ZXJzaW9uIjoyLCJuYmYiOjE3MDYzMzE4NDgsImFjY2Vzc19rZXkiOiI2NGMxYWJhYTkxYzAyM2I0ZTJkNzZlODQifQ.Woks_IUkqw99cNzsmD0eZ6dHkZoNt0yytqJTWYqr_tE"",""playerCount"":2,""templateId"":""659dec5a25eb923ccf71537f""}",2024-01-27T21:39:33.232014526Z,true,2024-01-27T21:40:59.636828902Z,guesser,2024-01-27T21:40:59.689517864Z,2,2024-01-27T21:40:29.378897166Z,,,,,601387b4aa37e127b0544497,2024-01-27T21:39:14.533225352Z,,,01HN6C89MN0NVFRDJW6GH3Q5NF,2024-01-27T21:39:33.232014526Z,oxs-crnr-wae,2024-01-27T21:40:59.689517864Z,{},2024-01-27T21:39:14.728271505Z
01HN6DVZJEVCQC2K4DY7X76CJB,01HN6DVZ26W9TA6BBXE8X71037,2024-01-27T21:40:33.486224685Z,"{""managementToken"":""eyJ0eXAiOiJKV1QiLCJhbGciOiJIUzI1NiJ9.eyJpYXQiOjE3MDYzMzE4NDgsImV4cCI6MTcwNjQxODI0OCwianRpIjoiand0X25vbmNlIiwidHlwZSI6Im1hbmFnZW1lbnQiLCJ2ZXJzaW9uIjoyLCJuYmYiOjE3MDYzMzE4NDgsImFjY2Vzc19rZXkiOiI2NGMxYWJhYTkxYzAyM2I0ZTJkNzZlODQifQ.Woks_IUkqw99cNzsmD0eZ6dHkZoNt0yytqJTWYqr_tE"",""playerCount"":2,""templateId"":""659dec5a25eb923ccf71537f""}",2024-01-27T21:40:59.648493386Z,true,2024-01-27T21:41:33.552740746Z,guesser,2024-01-27T21:44:35.4416195Z,2,2024-01-27T21:41:14.905883854Z,game ended,2024-01-27T21:52:37.174604594Z,"{""age"":""21"",""gender"":""Male"",""nativeLanguage"":""English"",""strength"":""Yes"",""fair"":""Yes"",""feedback"":""Nope"",""taskCorrectly"":""Yes"",""enjoyment"":""BetterEnjoy""}",2024-01-27T21:53:11.981111525Z,,,true,2024-01-27T21:53:11.989614558Z,01HN6C89VCDS9DKQVZMBS35R77,2024-01-27T21:40:59.648493386Z,,,{},2024-01-27T21:40:33.698534796Z
01HN6E17ANBZ6J4G82HXYKB92H,01HN6E16YNQR0P0EJW9J5AJ5K6,2024-01-27T21:43:25.269421295Z,"{""managementToken"":""eyJ0eXAiOiJKV1QiLCJhbGciOiJIUzI1NiJ9.eyJpYXQiOjE3MDYzMzE4NDgsImV4cCI6MTcwNjQxODI0OCwianRpIjoiand0X25vbmNlIiwidHlwZSI6Im1hbmFnZW1lbnQiLCJ2ZXJzaW9uIjoyLCJuYmYiOjE3MDYzMzE4NDgsImFjY2Vzc19rZXkiOiI2NGMxYWJhYTkxYzAyM2I0ZTJkNzZlODQifQ.Woks_IUkqw99cNzsmD0eZ6dHkZoNt0yytqJTWYqr_tE"",""playerCount"":2,""templateId"":""659dec5a25eb923ccf71537f""}",2024-01-27T21:43:25.281064835Z,,,director,2024-01-27T21:44:35.4416195Z,,,,,"{""age"":""43"",""gender"":""female"",""nativeLanguage"":""English"",""strength"":""Yes."",""fair"":""Yes."",""feedback"":""It was fun!"",""taskCorrectly"":""Yes"",""enjoyment"":""BetterEnjoy""}",2024-01-27T21:53:16.294221424Z,65b512e4190746b1c9c18b53,2024-01-27T21:43:25.269421295Z,true,2024-01-27T21:53:16.286148139Z,,,rhi-ckpv-rqg,2024-01-27T21:44:35.4416195Z,,
01HN6E3JCYT40DQV07X6K4G454,,,,,true,2024-01-27T21:47:59.884695469Z,,,2,2024-01-27T21:47:30.575977396Z,,,,,,,,,01HN6C8A9KRAEBTQP8P9G9JWXP,2024-01-27T21:44:42.155011001Z,,,,
01HN6E3PDT8718REF4MFNERQ7A,01HN6E3P0Q6ZGNK6SGK8WGK4ZJ,2024-01-27T21:44:46.266347841Z,,,true,2024-01-27T21:46:07.879308199Z,,,2,2024-01-27T21:45:41.586248634Z,game ended,2024-01-27T22:15:29.715773177Z,,,,,true,2024-01-27T22:17:46.994961665Z,,,,,{},2024-01-27T21:44:46.455953666Z
01HN6E8KVG91E04V61E1XM1E1K,01HN6E8KP2C47YSD7RWCKXDY1R,2024-01-27T21:47:27.472654407Z,"{""managementToken"":""eyJ0eXAiOiJKV1QiLCJhbGciOiJIUzI1NiJ9.eyJpYXQiOjE3MDYzMzE4NDgsImV4cCI6MTcwNjQxODI0OCwianRpIjoiand0X25vbmNlIiwidHlwZSI6Im1hbmFnZW1lbnQiLCJ2ZXJzaW9uIjoyLCJuYmYiOjE3MDYzMzE4NDgsImFjY2Vzc19rZXkiOiI2NGMxYWJhYTkxYzAyM2I0ZTJkNzZlODQifQ.Woks_IUkqw99cNzsmD0eZ6dHkZoNt0yytqJTWYqr_tE"",""playerCount"":2,""templateId"":""659dec5a25eb923ccf71537f""}",2024-01-27T21:47:59.901479143Z,true,2024-01-27T21:49:32.214518247Z,guesser,2024-01-27T21:49:32.296900166Z,2,2024-01-27T21:48:02.736233186Z,,,,,614e6f9a7f6198ef0fb95caa,2024-01-27T21:47:27.472654407Z,,,01HN6C8APJN0MXE37DM1MEW6JY,2024-01-27T21:47:59.901479143Z,wbb-xicv-vzo,2024-01-27T21:49:32.296900166Z,{},2024-01-27T21:47:27.575565271Z
01HN6E9HH570ERHCZ8HB9YBVEQ,01HN6E9HCSES5B80XGGDAGNXQG,2024-01-27T21:47:57.86142499Z,"{""managementToken"":""eyJ0eXAiOiJKV1QiLCJhbGciOiJIUzI1NiJ9.eyJpYXQiOjE3MDYzMzE4NDgsImV4cCI6MTcwNjQxODI0OCwianRpIjoiand0X25vbmNlIiwidHlwZSI6Im1hbmFnZW1lbnQiLCJ2ZXJzaW9uIjoyLCJuYmYiOjE3MDYzMzE4NDgsImFjY2Vzc19rZXkiOiI2NGMxYWJhYTkxYzAyM2I0ZTJkNzZlODQifQ.Woks_IUkqw99cNzsmD0eZ6dHkZoNt0yytqJTWYqr_tE"",""playerCount"":2,""templateId"":""659dec5a25eb923ccf71537f""}",2024-01-27T21:47:59.901479143Z,true,2024-01-27T21:48:56.086881726Z,director,2024-01-27T21:49:32.296900166Z,2,2024-01-27T21:48:27.679677072Z,,,,,63d40b7d3c7f92ff15ef6b67,2024-01-27T21:47:57.86142499Z,,,01HN6C8APJN0MXE37DM1MEW6JY,2024-01-27T21:47:59.901479143Z,wbb-xicv-vzo,2024-01-27T21:49:32.296900166Z,{},2024-01-27T21:47:57.92528606Z
01HN6ECW9PMKWVVE4BPMX2RFDF,01HN6ECW1KYCCE0EFYG4TAVM1X,2024-01-27T21:49:47.190723735Z,"{""managementToken"":""eyJ0eXAiOiJKV1QiLCJhbGciOiJIUzI1NiJ9.eyJpYXQiOjE3MDYzMzE4NDgsImV4cCI6MTcwNjQxODI0OCwianRpIjoiand0X25vbmNlIiwidHlwZSI6Im1hbmFnZW1lbnQiLCJ2ZXJzaW9uIjoyLCJuYmYiOjE3MDYzMzE4NDgsImFjY2Vzc19rZXkiOiI2NGMxYWJhYTkxYzAyM2I0ZTJkNzZlODQifQ.Woks_IUkqw99cNzsmD0eZ6dHkZoNt0yytqJTWYqr_tE"",""playerCount"":2,""templateId"":""659dec5a25eb923ccf71537f""}",2024-01-27T22:33:01.510544451Z,,,,,,,,,,,62e8268cd4320680eaea5ac8,2024-01-27T21:49:47.190723735Z,,,01HN6G4NPH9NXRNVR2063SDZ0D,2024-01-27T22:33:01.510544451Z,,,{},2024-01-27T21:49:47.309733766Z
01HN6EHT45PW7H14SR8MPDERM8,01HN6EHT0EAKEKVJF1BPK5S7QB,2024-01-27T21:52:28.805207506Z,"{""managementToken"":""eyJ0eXAiOiJKV1QiLCJhbGciOiJIUzI1NiJ9.eyJpYXQiOjE3MDYzMzE4NDgsImV4cCI6MTcwNjQxODI0OCwianRpIjoiand0X25vbmNlIiwidHlwZSI6Im1hbmFnZW1lbnQiLCJ2ZXJzaW9uIjoyLCJuYmYiOjE3MDYzMzE4NDgsImFjY2Vzc19rZXkiOiI2NGMxYWJhYTkxYzAyM2I0ZTJkNzZlODQifQ.Woks_IUkqw99cNzsmD0eZ6dHkZoNt0yytqJTWYqr_tE"",""playerCount"":2,""templateId"":""659dec5a25eb923ccf71537f""}",2024-01-27T22:33:01.510544451Z,,,,,1,2024-01-27T21:52:34.912229099Z,,,,,64135db83e4afcf2f3190e0b,2024-01-27T21:52:28.805207506Z,,,01HN6G4NPH9NXRNVR2063SDZ0D,2024-01-27T22:33:01.510544451Z,,,{},2024-01-27T21:52:28.871063836Z
01HN6EMCK60MFZT5NG8E7KFZS4,01HN6EMC5MF33TW5SA35SZHHSK,2024-01-27T21:53:53.254440416Z,"{""managementToken"":""eyJ0eXAiOiJKV1QiLCJhbGciOiJIUzI1NiJ9.eyJpYXQiOjE3MDYzMzE4NDgsImV4cCI6MTcwNjQxODI0OCwianRpIjoiand0X25vbmNlIiwidHlwZSI6Im1hbmFnZW1lbnQiLCJ2ZXJzaW9uIjoyLCJuYmYiOjE3MDYzMzE4NDgsImFjY2Vzc19rZXkiOiI2NGMxYWJhYTkxYzAyM2I0ZTJkNzZlODQifQ.Woks_IUkqw99cNzsmD0eZ6dHkZoNt0yytqJTWYqr_tE"",""playerCount"":2,""templateId"":""659dec5a25eb923ccf71537f""}",2024-01-27T21:53:53.278839732Z,true,2024-01-27T21:54:51.012343121Z,director,2024-01-27T21:58:36.579692155Z,2,2024-01-27T21:54:28.266951167Z,,,,,6400e3b780aff05b3f3f9b1d,2024-01-27T21:53:53.254440416Z,,,01HN6C89DV0FFCX3B5R95CKZ1N,2024-01-27T21:53:53.278839732Z,npi-gtmd-gvr,2024-01-27T21:58:36.579692155Z,,
01HN6EMWB88MAM27QSFNJRDHG6,01HN6EMVNP2WRYGDTGESMCMHGY,2024-01-27T21:54:09.384567089Z,"{""managementToken"":""eyJ0eXAiOiJKV1QiLCJhbGciOiJIUzI1NiJ9.eyJpYXQiOjE3MDYzMzE4NDgsImV4cCI6MTcwNjQxODI0OCwianRpIjoiand0X25vbmNlIiwidHlwZSI6Im1hbmFnZW1lbnQiLCJ2ZXJzaW9uIjoyLCJuYmYiOjE3MDYzMzE4NDgsImFjY2Vzc19rZXkiOiI2NGMxYWJhYTkxYzAyM2I0ZTJkNzZlODQifQ.Woks_IUkqw99cNzsmD0eZ6dHkZoNt0yytqJTWYqr_tE"",""playerCount"":2,""templateId"":""659dec5a25eb923ccf71537f""}",2024-01-27T22:33:01.510544451Z,,,,,1,2024-01-27T21:54:23.927261994Z,,,,,62eab49b3494af2a6cb7348d,2024-01-27T21:54:09.384567089Z,,,01HN6G4NPH9NXRNVR2063SDZ0D,2024-01-27T22:33:01.510544451Z,,,{},2024-01-27T21:54:09.70846604Z
01HN6EPHB5W116MBFBGWR4AVG3,01HN6EPGSDJ1VKEY13302C4KBY,2024-01-27T21:55:03.653398828Z,"{""managementToken"":""eyJ0eXAiOiJKV1QiLCJhbGciOiJIUzI1NiJ9.eyJpYXQiOjE3MDYzMzE4NDgsImV4cCI6MTcwNjQxODI0OCwianRpIjoiand0X25vbmNlIiwidHlwZSI6Im1hbmFnZW1lbnQiLCJ2ZXJzaW9uIjoyLCJuYmYiOjE3MDYzMzE4NDgsImFjY2Vzc19rZXkiOiI2NGMxYWJhYTkxYzAyM2I0ZTJkNzZlODQifQ.Woks_IUkqw99cNzsmD0eZ6dHkZoNt0yytqJTWYqr_tE"",""playerCount"":2,""templateId"":""659dec5a25eb923ccf71537f""}",2024-01-27T21:58:36.475518291Z,true,2024-01-27T22:01:37.962477967Z,guesser,2024-01-27T22:05:02.392486662Z,2,2024-01-27T21:55:53.019256342Z,,,,,5fb219d125498577f2aa3a6d,2024-01-27T21:55:03.653398828Z,,,01HN6C8B3G2DM06JVA3B4NE9T9,2024-01-27T21:58:36.475518291Z,xcl-fosw-hhv,2024-01-27T22:05:02.392486662Z,{},2024-01-27T21:55:03.830356733Z
01HN6EVMF14DBA19T36J7ME1VX,01HN6EVKT9HZ7RDDVGZTW2XD6V,2024-01-27T21:57:50.689960228Z,"{""managementToken"":""eyJ0eXAiOiJKV1QiLCJhbGciOiJIUzI1NiJ9.eyJpYXQiOjE3MDYzMzE4NDgsImV4cCI6MTcwNjQxODI0OCwianRpIjoiand0X25vbmNlIiwidHlwZSI6Im1hbmFnZW1lbnQiLCJ2ZXJzaW9uIjoyLCJuYmYiOjE3MDYzMzE4NDgsImFjY2Vzc19rZXkiOiI2NGMxYWJhYTkxYzAyM2I0ZTJkNzZlODQifQ.Woks_IUkqw99cNzsmD0eZ6dHkZoNt0yytqJTWYqr_tE"",""playerCount"":2,""templateId"":""659dec5a25eb923ccf71537f""}",2024-01-27T21:57:50.715564017Z,true,2024-01-27T21:58:36.439888478Z,guesser,2024-01-27T21:58:36.579692155Z,2,2024-01-27T21:58:20.121426505Z,,,,,600cb9f465eb1c40307723a8,2024-01-27T21:57:50.689960228Z,,,01HN6C89DV0FFCX3B5R95CKZ1N,2024-01-27T21:57:50.715564017Z,npi-gtmd-gvr,2024-01-27T21:58:36.579692155Z,{},2024-01-27T21:57:50.88927174Z
01HN6F69J1JYPF1PECJXCSNHK9,01HN6F696CHSNY73WG4HBY8TRN,2024-01-27T22:03:39.96949058Z,,,,,,,2,2024-01-27T22:04:38.098850169Z,game ended,2024-01-27T22:17:32.215376009Z,,,64d50a995a3627ba7ebeccb7,2024-01-27T22:03:39.96949058Z,true,2024-01-27T22:19:49.061963072Z,01HN6C8BGFFPXYNEXBJ7SXB5H1,2024-01-27T22:05:02.287690532Z,,,,
01HN6F73KZ64KQCYG9DWHP60XZ,,,,,true,2024-01-27T22:05:02.240512498Z,,,2,2024-01-27T22:04:43.723987041Z,,,,,,,,,01HN6C8B3G2DM06JVA3B4NE9T9,2024-01-27T22:04:06.708296226Z,,,{},2024-01-27T22:04:06.81016661Z
01HN6F76A40ECVPF87F028YDG4,,,,,true,2024-01-27T22:05:15.281716061Z,,,2,2024-01-27T22:04:57.519776093Z,game ended,2024-01-27T22:17:32.215376009Z,,,65ae859020c024a27e4fe092,2024-01-27T22:04:09.412216744Z,true,2024-01-27T22:17:57.224962932Z,01HN6C8BGFFPXYNEXBJ7SXB5H1,2024-01-27T22:05:02.287690532Z,gby-ybyn-dql,2024-01-27T22:05:22.799559404Z,{},2024-01-27T22:04:09.617767351Z
01HN6F8QPQDKJENVWJ1DCH1KY0,01HN6F8QB8F8AZBZ3H8RG4EYT2,2024-01-27T22:04:59.991264285Z,"{""managementToken"":""eyJ0eXAiOiJKV1QiLCJhbGciOiJIUzI1NiJ9.eyJpYXQiOjE3MDYzMzE4NDgsImV4cCI6MTcwNjQxODI0OCwianRpIjoiand0X25vbmNlIiwidHlwZSI6Im1hbmFnZW1lbnQiLCJ2ZXJzaW9uIjoyLCJuYmYiOjE3MDYzMzE4NDgsImFjY2Vzc19rZXkiOiI2NGMxYWJhYTkxYzAyM2I0ZTJkNzZlODQifQ.Woks_IUkqw99cNzsmD0eZ6dHkZoNt0yytqJTWYqr_tE"",""playerCount"":2,""templateId"":""659dec5a25eb923ccf71537f""}",2024-01-27T22:05:22.691455136Z,true,2024-01-27T22:06:32.477858427Z,director,2024-01-27T22:06:32.6437767Z,,,game ended,2024-01-27T22:27:32.165153189Z,"{""age"":""30"",""gender"":""Male"",""nativeLanguage"":""English"",""strength"":""Yes."",""fair"":""Yes."",""feedback"":"""",""taskCorrectly"":""Yes"",""enjoyment"":""yesEnjoy""}",2024-01-27T22:28:29.082526829Z,6328ddce9adceb215c2334ee,2024-01-27T22:04:59.991264285Z,true,2024-01-27T22:28:29.152693889Z,01HN6C8BVXBN026JSVP2C73R5K,2024-01-27T22:05:22.691455136Z,nrr-qvux-dfb,2024-01-27T22:06:32.6437767Z,,
01HN6F9VW7WFY11P78Y8C5P6P6,01HN6F9V8Z3AS89R5J74PHYKDT,2024-01-27T22:05:37.031043898Z,,,true,2024-01-27T22:06:31.135468532Z,guesser,2024-01-27T22:06:32.6437767Z,2,2024-01-27T22:06:05.835479951Z,,,"{""age"":""36"",""gender"":""Female"",""nativeLanguage"":""English"",""strength"":""Yes, this was really cool and fun!"",""fair"":""I do. "",""feedback"":""At times, the website was slow to load to the point I thought it might be glitching. It was probably a part of the experiment?"",""taskCorrectly"":""Yes"",""enjoyment"":""yesEnjoy""}",2024-01-27T22:29:08.836712282Z,,,true,2024-01-27T22:29:08.697584089Z,01HN6C8BVXBN026JSVP2C73R5K,2024-01-27T22:05:37.059537366Z,,,,
01HN6FBCH5JK7RMWJ9XPS41D8E,01HN6FBCBT57RX2T47V6RBC7MK,2024-01-27T22:06:26.853390461Z,,,true,2024-01-27T22:10:21.156156575Z,guesser,2024-01-27T22:12:46.584607329Z,,,,,,,6500c32aeecc75706e1bcaf1,2024-01-27T22:06:26.853390461Z,,,01HN6EG6N7F355E6Z2YHZKT6T0,2024-01-27T22:09:45.578103794Z,,,{},2024-01-27T22:06:26.956926762Z
01HN6FBE6E4CYP80YDX0WN8WYE,01HN6FBDT7SG7PMDXHC331Q6MV,2024-01-27T22:06:28.558565337Z,"{""managementToken"":""eyJ0eXAiOiJKV1QiLCJhbGciOiJIUzI1NiJ9.eyJpYXQiOjE3MDYzMzE4NDgsImV4cCI6MTcwNjQxODI0OCwianRpIjoiand0X25vbmNlIiwidHlwZSI6Im1hbmFnZW1lbnQiLCJ2ZXJzaW9uIjoyLCJuYmYiOjE3MDYzMzE4NDgsImFjY2Vzc19rZXkiOiI2NGMxYWJhYTkxYzAyM2I0ZTJkNzZlODQifQ.Woks_IUkqw99cNzsmD0eZ6dHkZoNt0yytqJTWYqr_tE"",""playerCount"":2,""templateId"":""659dec5a25eb923ccf71537f""}",2024-01-27T22:06:32.518188462Z,true,2024-01-27T22:07:44.988707172Z,guesser,2024-01-27T22:09:45.743456391Z,,,,,,,,,,,01HN6C8E6H53D3JBHFEK6KPNQ3,2024-01-27T22:06:32.518188462Z,ebj-tjog-faq,2024-01-27T22:09:45.743456391Z,,
01HN6FEJCZPYGD5Y3D5DYN3SWP,01HN6FEJ3HJ75FQKW2HMX9DPPB,2024-01-27T22:08:11.167501761Z,"{""managementToken"":""eyJ0eXAiOiJKV1QiLCJhbGciOiJIUzI1NiJ9.eyJpYXQiOjE3MDYzMzE4NDgsImV4cCI6MTcwNjQxODI0OCwianRpIjoiand0X25vbmNlIiwidHlwZSI6Im1hbmFnZW1lbnQiLCJ2ZXJzaW9uIjoyLCJuYmYiOjE3MDYzMzE4NDgsImFjY2Vzc19rZXkiOiI2NGMxYWJhYTkxYzAyM2I0ZTJkNzZlODQifQ.Woks_IUkqw99cNzsmD0eZ6dHkZoNt0yytqJTWYqr_tE"",""playerCount"":2,""templateId"":""659dec5a25eb923ccf71537f""}",2024-01-27T22:12:46.425390173Z,true,2024-01-27T22:14:35.099087438Z,guesser,2024-01-27T22:14:35.41729369Z,2,2024-01-27T22:12:33.802082684Z,,,,,5bbd74b16f41680001ce5cdf,2024-01-27T22:08:11.167501761Z,,,01HN6EGMQQ6MCZ3CHS9NJJJYFK,2024-01-27T22:12:46.425390173Z,omb-shgg-you,2024-01-27T22:14:35.41729369Z,{},2024-01-27T22:08:11.389383525Z
01HN6FF7GVP19RC0QETS25JQB3,,,"{""managementToken"":""eyJ0eXAiOiJKV1QiLCJhbGciOiJIUzI1NiJ9.eyJpYXQiOjE3MDYzMzE4NDgsImV4cCI6MTcwNjQxODI0OCwianRpIjoiand0X25vbmNlIiwidHlwZSI6Im1hbmFnZW1lbnQiLCJ2ZXJzaW9uIjoyLCJuYmYiOjE3MDYzMzE4NDgsImFjY2Vzc19rZXkiOiI2NGMxYWJhYTkxYzAyM2I0ZTJkNzZlODQifQ.Woks_IUkqw99cNzsmD0eZ6dHkZoNt0yytqJTWYqr_tE"",""playerCount"":2,""templateId"":""659dec5a25eb923ccf71537f""}",2024-01-27T22:08:32.848843074Z,true,2024-01-27T22:09:45.396740017Z,director,2024-01-27T22:09:45.743456391Z,,,game ended,2024-01-27T22:32:33.5353374Z,"{""age"":""50"",""gender"":""Female"",""nativeLanguage"":""English"",""strength"":""yes"",""fair"":""yes"",""feedback"":""none"",""taskCorrectly"":""Yes"",""enjoyment"":""yesEnjoy""}",2024-01-27T22:33:15.524806912Z,,,,,01HN6C8E6H53D3JBHFEK6KPNQ3,2024-01-27T22:08:32.848843074Z,ebj-tjog-faq,2024-01-27T22:09:45.743456391Z,{},2024-01-27T22:08:33.012744911Z
01HN6FKENDXZ99PN5SXZ6FJABN,01HN6FKE4V93Q5E77833ZM5ZBS,2024-01-27T22:10:51.181598411Z,"{""managementToken"":""eyJ0eXAiOiJKV1QiLCJhbGciOiJIUzI1NiJ9.eyJpYXQiOjE3MDYzMzE4NDgsImV4cCI6MTcwNjQxODI0OCwianRpIjoiand0X25vbmNlIiwidHlwZSI6Im1hbmFnZW1lbnQiLCJ2ZXJzaW9uIjoyLCJuYmYiOjE3MDYzMzE4NDgsImFjY2Vzc19rZXkiOiI2NGMxYWJhYTkxYzAyM2I0ZTJkNzZlODQifQ.Woks_IUkqw99cNzsmD0eZ6dHkZoNt0yytqJTWYqr_tE"",""playerCount"":2,""templateId"":""659dec5a25eb923ccf71537f""}",2024-01-27T22:14:35.184678759Z,true,2024-01-27T22:15:57.465817346Z,director,2024-01-27T22:16:51.472235468Z,,,,,,,65a312e444b50c6810ea4973,2024-01-27T22:10:51.181598411Z,,,01HN6EGNVFWVPFSFTJBNH7WC72,2024-01-27T22:14:35.184678759Z,,,{},2024-01-27T22:10:51.450434833Z
01HN6FN7WXX0K0YRDM2XED99DQ,,,"{""managementToken"":""eyJ0eXAiOiJKV1QiLCJhbGciOiJIUzI1NiJ9.eyJpYXQiOjE3MDYzMzE4NDgsImV4cCI6MTcwNjQxODI0OCwianRpIjoiand0X25vbmNlIiwidHlwZSI6Im1hbmFnZW1lbnQiLCJ2ZXJzaW9uIjoyLCJuYmYiOjE3MDYzMzE4NDgsImFjY2Vzc19rZXkiOiI2NGMxYWJhYTkxYzAyM2I0ZTJkNzZlODQifQ.Woks_IUkqw99cNzsmD0eZ6dHkZoNt0yytqJTWYqr_tE"",""playerCount"":2,""templateId"":""659dec5a25eb923ccf71537f""}",2024-01-27T22:11:49.823804936Z,true,2024-01-27T22:12:46.37137194Z,,,2,2024-01-27T22:12:19.266977939Z,,,,,,,,,01HN6EG6N7F355E6Z2YHZKT6T0,2024-01-27T22:11:49.823804936Z,pnw-ivvb-gac,2024-01-27T22:12:46.584607329Z,{},2024-01-27T22:11:50.078165363Z
01HN6FQZ7AFZAF5527289CWH91,,,,,,,,,,,,,,,5d46665905b29200188e52b4,2024-01-27T22:13:19.211013601Z,,,01HN6FPEV09MNK5D84QT3WJCAZ,2024-01-27T22:16:51.252184773Z,ypm-kyxz-ybl,2024-01-27T22:19:31.453904812Z,{},2024-01-27T22:13:23.714078773Z
01HN6FR7VP419E9KG7HAFD0F8N,01HN6FQX282NRX8WAM3GZPCSSA,2024-01-27T22:13:28.054517022Z,"{""managementToken"":""eyJ0eXAiOiJKV1QiLCJhbGciOiJIUzI1NiJ9.eyJpYXQiOjE3MDYzMzE4NDgsImV4cCI6MTcwNjQxODI0OCwianRpIjoiand0X25vbmNlIiwidHlwZSI6Im1hbmFnZW1lbnQiLCJ2ZXJzaW9uIjoyLCJuYmYiOjE3MDYzMzE4NDgsImFjY2Vzc19rZXkiOiI2NGMxYWJhYTkxYzAyM2I0ZTJkNzZlODQifQ.Woks_IUkqw99cNzsmD0eZ6dHkZoNt0yytqJTWYqr_tE"",""playerCount"":2,""templateId"":""659dec5a25eb923ccf71537f""}",2024-01-27T22:13:29.109502122Z,true,2024-01-27T22:14:10.653563836Z,director,2024-01-27T22:14:35.41729369Z,2,2024-01-27T22:13:53.635542242Z,,,,,654837a00511efc35646b9ca,2024-01-27T22:13:28.054517022Z,,,01HN6EGMQQ6MCZ3CHS9NJJJYFK,2024-01-27T22:13:29.109502122Z,omb-shgg-you,2024-01-27T22:14:35.41729369Z,{},2024-01-27T22:13:29.31919297Z
01HN6FVVZR8F4FWF5HQ0SJS3E1,01HN6FVV37P3JB18FJK7QNS5MJ,2024-01-27T22:15:26.968250805Z,"{""managementToken"":""eyJ0eXAiOiJKV1QiLCJhbGciOiJIUzI1NiJ9.eyJpYXQiOjE3MDYzMzE4NDgsImV4cCI6MTcwNjQxODI0OCwianRpIjoiand0X25vbmNlIiwidHlwZSI6Im1hbmFnZW1lbnQiLCJ2ZXJzaW9uIjoyLCJuYmYiOjE3MDYzMzE4NDgsImFjY2Vzc19rZXkiOiI2NGMxYWJhYTkxYzAyM2I0ZTJkNzZlODQifQ.Woks_IUkqw99cNzsmD0eZ6dHkZoNt0yytqJTWYqr_tE"",""playerCount"":2,""templateId"":""659dec5a25eb923ccf71537f""}",2024-01-27T22:15:27.185807468Z,,,guesser,2024-01-27T22:16:51.472235468Z,,,,,,,5cd8d86210887400182db201,2024-01-27T22:15:26.968250805Z,,,01HN6EGNVFWVPFSFTJBNH7WC72,2024-01-27T22:15:27.185807468Z,juz-cztm-cqv,2024-01-27T22:16:51.472235468Z,,
01HN6G1MED7SPFVE693D4BN47Q,01HN6G1KSFR978MJ3NAB7KWN49,2024-01-27T22:18:35.853638679Z,"{""managementToken"":""eyJ0eXAiOiJKV1QiLCJhbGciOiJIUzI1NiJ9.eyJpYXQiOjE3MDYzMzE4NDgsImV4cCI6MTcwNjQxODI0OCwianRpIjoiand0X25vbmNlIiwidHlwZSI6Im1hbmFnZW1lbnQiLCJ2ZXJzaW9uIjoyLCJuYmYiOjE3MDYzMzE4NDgsImFjY2Vzc19rZXkiOiI2NGMxYWJhYTkxYzAyM2I0ZTJkNzZlODQifQ.Woks_IUkqw99cNzsmD0eZ6dHkZoNt0yytqJTWYqr_tE"",""playerCount"":2,""templateId"":""659dec5a25eb923ccf71537f""}",2024-01-27T22:19:30.94259568Z,true,2024-01-27T22:20:09.266222841Z,director,2024-01-27T22:24:25.390266225Z,2,2024-01-27T22:19:20.274931415Z,,,,,654940915346b76d2dd9e61a,2024-01-27T22:18:35.853638679Z,,,01HN6G0GBFG8177MBEPWNE6RBC,2024-01-27T22:19:30.94259568Z,nso-dnet-ibu,2024-01-27T22:24:25.390266225Z,{},2024-01-27T22:18:36.219801224Z
01HN6G1ZS9DS6ZM6YB2EZN0WZD,01HN6G1YXZDDNP4AWZ5WTTF15X,2024-01-27T22:18:47.465946975Z,"{""managementToken"":""eyJ0eXAiOiJKV1QiLCJhbGciOiJIUzI1NiJ9.eyJpYXQiOjE3MDYzMzE4NDgsImV4cCI6MTcwNjQxODI0OCwianRpIjoiand0X25vbmNlIiwidHlwZSI6Im1hbmFnZW1lbnQiLCJ2ZXJzaW9uIjoyLCJuYmYiOjE3MDYzMzE4NDgsImFjY2Vzc19rZXkiOiI2NGMxYWJhYTkxYzAyM2I0ZTJkNzZlODQifQ.Woks_IUkqw99cNzsmD0eZ6dHkZoNt0yytqJTWYqr_tE"",""playerCount"":2,""templateId"":""659dec5a25eb923ccf71537f""}",2024-01-27T22:19:30.94259568Z,true,2024-01-27T22:24:23.571411856Z,guesser,2024-01-27T22:24:25.390266225Z,2,2024-01-27T22:23:19.508310233Z,,,,,5781c15381f331000139a89e,2024-01-27T22:18:47.465946975Z,,,01HN6G0GBFG8177MBEPWNE6RBC,2024-01-27T22:19:30.94259568Z,nso-dnet-ibu,2024-01-27T22:24:25.390266225Z,{},2024-01-27T22:18:48.367479083Z
01HN6G233GV09A3KVD032PVVMY,01HN6G22F66SCKXGYD85R7N5HA,2024-01-27T22:18:50.864788163Z,,,true,2024-01-27T22:19:30.833796228Z,director,2024-01-27T22:19:31.453904812Z,2,2024-01-27T22:19:15.893407513Z,,,,,61131588f40e6f53c8e9b362,2024-01-27T22:18:50.864788163Z,,,,,,,{},2024-01-27T22:18:51.191172535Z
01HN6G6GHXHC7J50N506ESF59V,01HN6G6FH94Q7E74XZK3EEQE71,2024-01-27T22:21:15.709790006Z,"{""managementToken"":""eyJ0eXAiOiJKV1QiLCJhbGciOiJIUzI1NiJ9.eyJpYXQiOjE3MDYzMzE4NDgsImV4cCI6MTcwNjQxODI0OCwianRpIjoiand0X25vbmNlIiwidHlwZSI6Im1hbmFnZW1lbnQiLCJ2ZXJzaW9uIjoyLCJuYmYiOjE3MDYzMzE4NDgsImFjY2Vzc19rZXkiOiI2NGMxYWJhYTkxYzAyM2I0ZTJkNzZlODQifQ.Woks_IUkqw99cNzsmD0eZ6dHkZoNt0yytqJTWYqr_tE"",""playerCount"":2,""templateId"":""659dec5a25eb923ccf71537f""}",2024-01-27T22:24:24.346934883Z,true,2024-01-27T22:25:33.026229194Z,director,2024-01-27T22:25:40.414758068Z,2,2024-01-27T22:22:04.72890285Z,,,,,5993020a5f49420001caf86b,2024-01-27T22:21:15.709790006Z,,,01HN6G0HMQ11BDEWH99HPB6WP2,2024-01-27T22:24:24.346934883Z,dvs-odsg-nea,2024-01-27T22:25:40.414758068Z,{},2024-01-27T22:21:16.038519515Z
01HN6GB2K5CRRCVWQFMRFED2G9,01HN6GB1KSQ7SHEWYXGED0JNNA,2024-01-27T22:23:45.253386911Z,"{""managementToken"":""eyJ0eXAiOiJKV1QiLCJhbGciOiJIUzI1NiJ9.eyJpYXQiOjE3MDYzMzE4NDgsImV4cCI6MTcwNjQxODI0OCwianRpIjoiand0X25vbmNlIiwidHlwZSI6Im1hbmFnZW1lbnQiLCJ2ZXJzaW9uIjoyLCJuYmYiOjE3MDYzMzE4NDgsImFjY2Vzc19rZXkiOiI2NGMxYWJhYTkxYzAyM2I0ZTJkNzZlODQifQ.Woks_IUkqw99cNzsmD0eZ6dHkZoNt0yytqJTWYqr_tE"",""playerCount"":2,""templateId"":""659dec5a25eb923ccf71537f""}",2024-01-27T22:24:24.431222785Z,true,2024-01-27T22:25:14.970634267Z,guesser,2024-01-27T22:25:40.414758068Z,2,2024-01-27T22:24:43.622548383Z,,,,,65593fba029061f69cd8b6ab,2024-01-27T22:23:45.253386911Z,,,01HN6G0HMQ11BDEWH99HPB6WP2,2024-01-27T22:24:24.431222785Z,dvs-odsg-nea,2024-01-27T22:25:40.414758068Z,{},2024-01-27T22:23:46.193974331Z
01HN6GB323679QVFDVM5G8MRCS,01HN6GAWRCQJ7ZYN7NTGCW7P4D,2024-01-27T22:23:45.732033158Z,"{""managementToken"":""eyJ0eXAiOiJKV1QiLCJhbGciOiJIUzI1NiJ9.eyJpYXQiOjE3MDYzMzE4NDgsImV4cCI6MTcwNjQxODI0OCwianRpIjoiand0X25vbmNlIiwidHlwZSI6Im1hbmFnZW1lbnQiLCJ2ZXJzaW9uIjoyLCJuYmYiOjE3MDYzMzE4NDgsImFjY2Vzc19rZXkiOiI2NGMxYWJhYTkxYzAyM2I0ZTJkNzZlODQifQ.Woks_IUkqw99cNzsmD0eZ6dHkZoNt0yytqJTWYqr_tE"",""playerCount"":2,""templateId"":""659dec5a25eb923ccf71537f""}",2024-01-27T22:33:01.510544451Z,,,,,1,2024-01-27T22:32:15.941286124Z,,,,,642cfa28b81ed7ff33adcc9f,2024-01-27T22:23:45.732033158Z,,,01HN6G4NPH9NXRNVR2063SDZ0D,2024-01-27T22:33:01.510544451Z,,,{},2024-01-27T22:23:47.34176189Z
01HN6GBDWW6R1H6VAN3M8S213W,01HN6GBDA8REKHQNSM2Z5K8NZC,2024-01-27T22:23:56.828822977Z,"{""managementToken"":""eyJ0eXAiOiJKV1QiLCJhbGciOiJIUzI1NiJ9.eyJpYXQiOjE3MDYzMzE4NDgsImV4cCI6MTcwNjQxODI0OCwianRpIjoiand0X25vbmNlIiwidHlwZSI6Im1hbmFnZW1lbnQiLCJ2ZXJzaW9uIjoyLCJuYmYiOjE3MDYzMzE4NDgsImFjY2Vzc19rZXkiOiI2NGMxYWJhYTkxYzAyM2I0ZTJkNzZlODQifQ.Woks_IUkqw99cNzsmD0eZ6dHkZoNt0yytqJTWYqr_tE"",""playerCount"":2,""templateId"":""659dec5a25eb923ccf71537f""}",2024-01-27T22:25:37.838277158Z,true,2024-01-27T22:26:33.701498934Z,guesser,2024-01-27T22:30:08.915849955Z,2,2024-01-27T22:25:02.742275997Z,,,,,5b9aa47491b20a0001176287,2024-01-27T22:23:56.828822977Z,,,01HN6G0Q8K67WQFRHC9WZ5XZWC,2024-01-27T22:25:37.838277158Z,urp-ijwf-met,2024-01-27T22:30:08.915849955Z,{},2024-01-27T22:23:57.073879953Z
01HN6GEAYEHF3Y1HC33CMCYFAA,01HN6GDKR8H8JNGC3WGD0HT768,2024-01-27T22:25:32.110452468Z,"{""managementToken"":""eyJ0eXAiOiJKV1QiLCJhbGciOiJIUzI1NiJ9.eyJpYXQiOjE3MDYzMzE4NDgsImV4cCI6MTcwNjQxODI0OCwianRpIjoiand0X25vbmNlIiwidHlwZSI6Im1hbmFnZW1lbnQiLCJ2ZXJzaW9uIjoyLCJuYmYiOjE3MDYzMzE4NDgsImFjY2Vzc19rZXkiOiI2NGMxYWJhYTkxYzAyM2I0ZTJkNzZlODQifQ.Woks_IUkqw99cNzsmD0eZ6dHkZoNt0yytqJTWYqr_tE"",""playerCount"":2,""templateId"":""659dec5a25eb923ccf71537f""}",2024-01-27T22:30:07.304240573Z,true,2024-01-27T22:30:47.164702032Z,guesser,2024-01-27T22:33:03.017192168Z,2,2024-01-27T22:29:27.262617057Z,,,,,65602b114d91f764e2a42ec2,2024-01-27T22:25:32.110452468Z,,,01HN6G0S9EA60PNAMJD196CF26,2024-01-27T22:30:07.304240573Z,prp-ogxw-cze,2024-01-27T22:33:03.017192168Z,{},2024-01-27T22:25:34.913299109Z
01HN6GECV3P39N6HCY98K213TA,01HN6GDNJEPXTQM8JQ6AWQH341,2024-01-27T22:25:34.052023911Z,"{""managementToken"":""eyJ0eXAiOiJKV1QiLCJhbGciOiJIUzI1NiJ9.eyJpYXQiOjE3MDYzMzE4NDgsImV4cCI6MTcwNjQxODI0OCwianRpIjoiand0X25vbmNlIiwidHlwZSI6Im1hbmFnZW1lbnQiLCJ2ZXJzaW9uIjoyLCJuYmYiOjE3MDYzMzE4NDgsImFjY2Vzc19rZXkiOiI2NGMxYWJhYTkxYzAyM2I0ZTJkNzZlODQifQ.Woks_IUkqw99cNzsmD0eZ6dHkZoNt0yytqJTWYqr_tE"",""playerCount"":2,""templateId"":""659dec5a25eb923ccf71537f""}",2024-01-27T22:25:35.044182521Z,true,2024-01-27T22:33:43.418739098Z,,2024-01-27T22:25:40.414758068Z,2,2024-01-27T22:26:52.360175777Z,,,,,55b42b7cfdf99b5244217cf4,2024-01-27T22:25:34.052023911Z,,,01HN6G0HMQ11BDEWH99HPB6WP2,2024-01-27T22:25:35.044182521Z,dvs-odsg-nea,2024-01-27T22:25:40.414758068Z,{},2024-01-27T22:25:35.154780212Z
01HN6GEFD0Z932E997WFZZT80K,01HN6GEB8FQDDDMD6G1PSK1K5X,2024-01-27T22:25:36.672796156Z,"{""managementToken"":""eyJ0eXAiOiJKV1QiLCJhbGciOiJIUzI1NiJ9.eyJpYXQiOjE3MDYzMzE4NDgsImV4cCI6MTcwNjQxODI0OCwianRpIjoiand0X25vbmNlIiwidHlwZSI6Im1hbmFnZW1lbnQiLCJ2ZXJzaW9uIjoyLCJuYmYiOjE3MDYzMzE4NDgsImFjY2Vzc19rZXkiOiI2NGMxYWJhYTkxYzAyM2I0ZTJkNzZlODQifQ.Woks_IUkqw99cNzsmD0eZ6dHkZoNt0yytqJTWYqr_tE"",""playerCount"":2,""templateId"":""659dec5a25eb923ccf71537f""}",2024-01-27T22:25:37.33377003Z,true,2024-01-27T22:28:28.306929402Z,,2024-01-27T22:25:40.414758068Z,2,2024-01-27T22:26:34.091402105Z,,,,,6518a78ee94831275dd1c0e1,2024-01-27T22:25:36.672796156Z,,,01HN6G0HMQ11BDEWH99HPB6WP2,2024-01-27T22:25:37.33377003Z,dvs-odsg-nea,2024-01-27T22:25:40.414758068Z,{},2024-01-27T22:25:37.759817074Z
01HN6GH7PN44X5RMETYZMZE8W4,01HN6GGYFQ4FANQZ2BYVDQ5902,2024-01-27T22:27:07.094001161Z,"{""managementToken"":""eyJ0eXAiOiJKV1QiLCJhbGciOiJIUzI1NiJ9.eyJpYXQiOjE3MDYzMzE4NDgsImV4cCI6MTcwNjQxODI0OCwianRpIjoiand0X25vbmNlIiwidHlwZSI6Im1hbmFnZW1lbnQiLCJ2ZXJzaW9uIjoyLCJuYmYiOjE3MDYzMzE4NDgsImFjY2Vzc19rZXkiOiI2NGMxYWJhYTkxYzAyM2I0ZTJkNzZlODQifQ.Woks_IUkqw99cNzsmD0eZ6dHkZoNt0yytqJTWYqr_tE"",""playerCount"":2,""templateId"":""659dec5a25eb923ccf71537f""}",2024-01-27T22:27:07.274629099Z,true,2024-01-27T22:30:06.376212694Z,director,2024-01-27T22:30:08.915849955Z,2,2024-01-27T22:28:37.954010392Z,,,,,65a6598ce71a234ef2b83b31,2024-01-27T22:27:07.094001161Z,,,01HN6G0Q8K67WQFRHC9WZ5XZWC,2024-01-27T22:27:07.274629099Z,urp-ijwf-met,2024-01-27T22:30:08.915849955Z,{},2024-01-27T22:27:10.584960165Z
01HN6GK22B76JPRQA9HVW5B5QX,01HN6GK0KNASW73P71Q0V0WXAC,2024-01-27T22:28:06.859427656Z,"{""managementToken"":""eyJ0eXAiOiJKV1QiLCJhbGciOiJIUzI1NiJ9.eyJpYXQiOjE3MDYzMzE4NDgsImV4cCI6MTcwNjQxODI0OCwianRpIjoiand0X25vbmNlIiwidHlwZSI6Im1hbmFnZW1lbnQiLCJ2ZXJzaW9uIjoyLCJuYmYiOjE3MDYzMzE4NDgsImFjY2Vzc19rZXkiOiI2NGMxYWJhYTkxYzAyM2I0ZTJkNzZlODQifQ.Woks_IUkqw99cNzsmD0eZ6dHkZoNt0yytqJTWYqr_tE"",""playerCount"":2,""templateId"":""659dec5a25eb923ccf71537f""}",2024-01-27T22:33:01.510544451Z,true,2024-01-27T22:33:02.872334901Z,,,2,2024-01-27T22:28:42.420509003Z,,,,,650c35afef9d824f88426c36,2024-01-27T22:28:06.859427656Z,,,01HN6G4NPH9NXRNVR2063SDZ0D,2024-01-27T22:33:01.510544451Z,,,{},2024-01-27T22:28:07.758465326Z
01HN6GP4E1DJ113XJHARYMKK1E,01HN6GP3MYEAWNTZGSY4ZME5QS,2024-01-27T22:29:47.585404815Z,"{""managementToken"":""eyJ0eXAiOiJKV1QiLCJhbGciOiJIUzI1NiJ9.eyJpYXQiOjE3MDYzMzE4NDgsImV4cCI6MTcwNjQxODI0OCwianRpIjoiand0X25vbmNlIiwidHlwZSI6Im1hbmFnZW1lbnQiLCJ2ZXJzaW9uIjoyLCJuYmYiOjE3MDYzMzE4NDgsImFjY2Vzc19rZXkiOiI2NGMxYWJhYTkxYzAyM2I0ZTJkNzZlODQifQ.Woks_IUkqw99cNzsmD0eZ6dHkZoNt0yytqJTWYqr_tE"",""playerCount"":2,""templateId"":""659dec5a25eb923ccf71537f""}",2024-01-27T22:33:01.510544451Z,,,,,1,2024-01-27T22:30:06.101710572Z,,,,,60fefe17da49c2194e16da93,2024-01-27T22:29:47.585404815Z,,,01HN6G4NPH9NXRNVR2063SDZ0D,2024-01-27T22:33:01.510544451Z,,,{},2024-01-27T22:29:48.082676675Z
01HN6GSJBHDGSRF1NGTRV1PC84,01HN6GRX1TVRW95PXH0TT8YHEV,2024-01-27T22:31:40.146846566Z,"{""managementToken"":""eyJ0eXAiOiJKV1QiLCJhbGciOiJIUzI1NiJ9.eyJpYXQiOjE3MDYzMzE4NDgsImV4cCI6MTcwNjQxODI0OCwianRpIjoiand0X25vbmNlIiwidHlwZSI6Im1hbmFnZW1lbnQiLCJ2ZXJzaW9uIjoyLCJuYmYiOjE3MDYzMzE4NDgsImFjY2Vzc19rZXkiOiI2NGMxYWJhYTkxYzAyM2I0ZTJkNzZlODQifQ.Woks_IUkqw99cNzsmD0eZ6dHkZoNt0yytqJTWYqr_tE"",""playerCount"":2,""templateId"":""659dec5a25eb923ccf71537f""}",2024-01-27T22:31:40.72913916Z,true,2024-01-27T22:33:01.220947945Z,director,2024-01-27T22:33:03.017192168Z,2,2024-01-27T22:32:38.537159388Z,,,,,6111cdf42f86f73ac7bb5abf,2024-01-27T22:31:40.146846566Z,,,01HN6G0S9EA60PNAMJD196CF26,2024-01-27T22:31:40.72913916Z,prp-ogxw-cze,2024-01-27T22:33:03.017192168Z,{},2024-01-27T22:31:41.149690082Z
01HN6GSV2SDZJVN78VQM2B3WPH,01HN6GSTZ0W0S1B6ASAKRQKJV2,2024-01-27T22:31:49.08141104Z,"{""managementToken"":""eyJ0eXAiOiJKV1QiLCJhbGciOiJIUzI1NiJ9.eyJpYXQiOjE3MDYzMzE4NDgsImV4cCI6MTcwNjQxODI0OCwianRpIjoiand0X25vbmNlIiwidHlwZSI6Im1hbmFnZW1lbnQiLCJ2ZXJzaW9uIjoyLCJuYmYiOjE3MDYzMzE4NDgsImFjY2Vzc19rZXkiOiI2NGMxYWJhYTkxYzAyM2I0ZTJkNzZlODQifQ.Woks_IUkqw99cNzsmD0eZ6dHkZoNt0yytqJTWYqr_tE"",""playerCount"":2,""templateId"":""659dec5a25eb923ccf71537f""}",2024-01-27T22:33:01.510544451Z,,,,,2,2024-01-27T22:32:46.24393108Z,,,,,655f9361656f0a872d1bd405,2024-01-27T22:31:49.08141104Z,,,01HN6G4NPH9NXRNVR2063SDZ0D,2024-01-27T22:33:01.510544451Z,,,{},2024-01-27T22:31:49.358353278Z
01HN6GSW6RESM3HAPBGSBQR46F,01HN6GSVFD69Q47SPBHMB12EHT,2024-01-27T22:31:50.232106975Z,"{""managementToken"":""eyJ0eXAiOiJKV1QiLCJhbGciOiJIUzI1NiJ9.eyJpYXQiOjE3MDYzMzE4NDgsImV4cCI6MTcwNjQxODI0OCwianRpIjoiand0X25vbmNlIiwidHlwZSI6Im1hbmFnZW1lbnQiLCJ2ZXJzaW9uIjoyLCJuYmYiOjE3MDYzMzE4NDgsImFjY2Vzc19rZXkiOiI2NGMxYWJhYTkxYzAyM2I0ZTJkNzZlODQifQ.Woks_IUkqw99cNzsmD0eZ6dHkZoNt0yytqJTWYqr_tE"",""playerCount"":2,""templateId"":""659dec5a25eb923ccf71537f""}",2024-01-27T22:33:01.510544451Z,,,,,,,,,,,5e7b84917412d418676e1b19,2024-01-27T22:31:50.232106975Z,,,01HN6G4NPH9NXRNVR2063SDZ0D,2024-01-27T22:33:01.510544451Z,,,{},2024-01-27T22:31:50.583433352Z
01HN6GV48Q1TS011SVAKKRVQEH,01HN6GV3BH4FAN5E4D5DXMR894,2024-01-27T22:32:31.256005289Z,"{""managementToken"":""eyJ0eXAiOiJKV1QiLCJhbGciOiJIUzI1NiJ9.eyJpYXQiOjE3MDYzMzE4NDgsImV4cCI6MTcwNjQxODI0OCwianRpIjoiand0X25vbmNlIiwidHlwZSI6Im1hbmFnZW1lbnQiLCJ2ZXJzaW9uIjoyLCJuYmYiOjE3MDYzMzE4NDgsImFjY2Vzc19rZXkiOiI2NGMxYWJhYTkxYzAyM2I0ZTJkNzZlODQifQ.Woks_IUkqw99cNzsmD0eZ6dHkZoNt0yytqJTWYqr_tE"",""playerCount"":2,""templateId"":""659dec5a25eb923ccf71537f""}",2024-01-27T22:33:01.510544451Z,true,2024-01-27T22:33:36.371250908Z,,,2,2024-01-27T22:32:49.99079362Z,,,,,5e92cdecf9c9d15e994c37e2,2024-01-27T22:32:31.256005289Z,,,01HN6G4NPH9NXRNVR2063SDZ0D,2024-01-27T22:33:01.510544451Z,,,{},2024-01-27T22:32:32.092942276Z
